"ADMIN_DATE","MVX","Daily_Count"
2020-12-12,PFR,3
2020-12-13,PFR,2
2020-12-14,PFR,3
2020-12-15,MOD,1
2020-12-15,PFR,134
2020-12-16,PFR,1194
2020-12-17,PFR,2344
2020-12-18,PFR,3186
2020-12-19,PFR,897
2020-12-20,MOD,2
2020-12-20,PFR,408
2020-12-21,MOD,7
2020-12-21,PFR,1902
2020-12-22,MOD,95
2020-12-22,PFR,1282
2020-12-23,MOD,424
2020-12-23,PFR,1810
2020-12-24,MOD,156
2020-12-24,PFR,285
2020-12-25,MOD,1
2020-12-26,MOD,4
2020-12-26,PFR,128
2020-12-27,MOD,4
2020-12-27,PFR,16
2020-12-28,MOD,284
2020-12-28,PFR,1425
2020-12-29,MOD,1115
2020-12-29,PFR,1227
2020-12-30,JSN,1
2020-12-30,MOD,946
2020-12-30,PFR,1590
2020-12-31,MOD,756
2020-12-31,PFR,786
2021-01-01,MOD,40
2021-01-01,NVX,1
2021-01-01,PFR,26
2021-01-02,MOD,32
2021-01-02,PFR,166
2021-01-03,MOD,68
2021-01-03,PFR,94
2021-01-04,ASZ,1
2021-01-04,MOD,1035
2021-01-04,PFR,1025
2021-01-05,MOD,1162
2021-01-05,PFR,1618
2021-01-06,MOD,1644
2021-01-06,PFR,2915
2021-01-07,MOD,2373
2021-01-07,PFR,3143
2021-01-08,MOD,2241
2021-01-08,PFR,3965
2021-01-09,MOD,622
2021-01-09,PFR,1493
2021-01-10,MOD,30
2021-01-10,PFR,1226
2021-01-11,MOD,2284
2021-01-11,PFR,2920
2021-01-12,MOD,3246
2021-01-12,PFR,3259
2021-01-13,MOD,3146
2021-01-13,PFR,3571
2021-01-14,MOD,4573
2021-01-14,PFR,2506
2021-01-15,JSN,1
2021-01-15,MOD,3885
2021-01-15,PFR,3100
2021-01-16,MOD,2375
2021-01-16,PFR,1591
2021-01-17,MOD,182
2021-01-17,PFR,505
2021-01-18,MOD,744
2021-01-18,PFR,1487
2021-01-19,MOD,2660
2021-01-19,PFR,2477
2021-01-20,MOD,2459
2021-01-20,PFR,2804
2021-01-21,MOD,2900
2021-01-21,PFR,2608
2021-01-22,MOD,1387
2021-01-22,PFR,2490
2021-01-23,MOD,1409
2021-01-23,PFR,1896
2021-01-24,MOD,33
2021-01-24,PFR,72
2021-01-25,ASZ,1
2021-01-25,MOD,1184
2021-01-25,PFR,2536
2021-01-26,MOD,2347
2021-01-26,PFR,2688
2021-01-27,MOD,1918
2021-01-27,PFR,3241
2021-01-28,MOD,1973
2021-01-28,PFR,2659
2021-01-29,ASZ,1
2021-01-29,MOD,1145
2021-01-29,PFR,2828
2021-01-30,JSN,1
2021-01-30,MOD,949
2021-01-30,PFR,1640
2021-01-31,MOD,145
2021-01-31,PFR,859
2021-02-01,ASZ,1
2021-02-01,JSN,2
2021-02-01,MOD,1678
2021-02-01,PFR,1377
2021-02-02,MOD,2092
2021-02-02,PFR,2883
2021-02-03,MOD,3062
2021-02-03,PFR,3504
2021-02-04,JSN,1
2021-02-04,MOD,3251
2021-02-04,PFR,3769
2021-02-05,MOD,5313
2021-02-05,PFR,4073
2021-02-06,MOD,1648
2021-02-06,PFR,2924
2021-02-07,MOD,31
2021-02-07,PFR,1426
2021-02-08,MOD,2696
2021-02-08,PFR,1424
2021-02-09,MOD,4292
2021-02-09,PFR,3899
2021-02-10,MOD,4650
2021-02-10,PFR,2459
2021-02-11,MOD,5401
2021-02-11,PFR,4793
2021-02-12,MOD,4417
2021-02-12,PFR,5160
2021-02-13,MOD,3193
2021-02-13,PFR,4702
2021-02-14,MOD,359
2021-02-14,PFR,184
2021-02-15,MOD,1176
2021-02-15,PFR,1274
2021-02-16,JSN,1
2021-02-16,MOD,3428
2021-02-16,PFR,3888
2021-02-17,MOD,3069
2021-02-17,PFR,2935
2021-02-18,MOD,4812
2021-02-18,PFR,3172
2021-02-19,MOD,2471
2021-02-19,PFR,3050
2021-02-20,MOD,1706
2021-02-20,PFR,1407
2021-02-21,MOD,278
2021-02-21,PFR,1217
2021-02-22,JSN,1
2021-02-22,MOD,1811
2021-02-22,PFR,1487
2021-02-23,MOD,1939
2021-02-23,PFR,2026
2021-02-24,JSN,1
2021-02-24,MOD,2869
2021-02-24,PFR,2071
2021-02-25,ASZ,1
2021-02-25,MOD,2546
2021-02-25,PFR,2743
2021-02-26,MOD,1442
2021-02-26,PFR,2774
2021-02-27,MOD,1013
2021-02-27,PFR,2807
2021-02-28,MOD,444
2021-02-28,PFR,1150
2021-03-01,JSN,1
2021-03-01,MOD,1225
2021-03-01,PFR,1920
2021-03-02,JSN,1
2021-03-02,MOD,1275
2021-03-02,PFR,4390
2021-03-03,MOD,1754
2021-03-03,PFR,3886
2021-03-04,JSN,2
2021-03-04,MOD,4313
2021-03-04,PFR,5658
2021-03-05,JSN,108
2021-03-05,MOD,3833
2021-03-05,PFR,4444
2021-03-06,JSN,1
2021-03-06,MOD,2137
2021-03-06,PFR,2101
2021-03-07,ASZ,1
2021-03-07,JSN,5
2021-03-07,MOD,1532
2021-03-07,PFR,162
2021-03-08,JSN,48
2021-03-08,MOD,1878
2021-03-08,PFR,2056
2021-03-09,JSN,145
2021-03-09,MOD,2937
2021-03-09,PFR,5110
2021-03-10,JSN,34
2021-03-10,MOD,3632
2021-03-10,PFR,3181
2021-03-11,JSN,108
2021-03-11,MOD,3763
2021-03-11,PFR,2860
2021-03-12,JSN,381
2021-03-12,MOD,3282
2021-03-12,PFR,3977
2021-03-13,JSN,390
2021-03-13,MOD,3322
2021-03-13,PFR,3915
2021-03-14,JSN,18
2021-03-14,MOD,871
2021-03-14,PFR,1328
2021-03-15,JSN,272
2021-03-15,MOD,1496
2021-03-15,PFR,2069
2021-03-16,JSN,125
2021-03-16,MOD,4676
2021-03-16,PFR,2616
2021-03-17,ASZ,1
2021-03-17,JSN,473
2021-03-17,MOD,2805
2021-03-17,PFR,4901
2021-03-18,ASZ,1
2021-03-18,JSN,1201
2021-03-18,MOD,3110
2021-03-18,PFR,5262
2021-03-19,ASZ,1
2021-03-19,JSN,246
2021-03-19,MOD,2211
2021-03-19,PFR,3538
2021-03-20,JSN,395
2021-03-20,MOD,1230
2021-03-20,PFR,1680
2021-03-21,JSN,424
2021-03-21,MOD,793
2021-03-21,PFR,410
2021-03-22,JSN,411
2021-03-22,MOD,2391
2021-03-22,PFR,2207
2021-03-23,JSN,598
2021-03-23,MOD,2878
2021-03-23,PFR,3404
2021-03-24,JSN,434
2021-03-24,MOD,3271
2021-03-24,PFR,3110
2021-03-25,JSN,455
2021-03-25,MOD,2319
2021-03-25,PFR,3474
2021-03-26,JSN,413
2021-03-26,MOD,1284
2021-03-26,PFR,2923
2021-03-27,JSN,85
2021-03-27,MOD,1070
2021-03-27,PFR,1696
2021-03-28,JSN,45
2021-03-28,MOD,664
2021-03-28,PFR,548
2021-03-29,ASZ,2
2021-03-29,JSN,843
2021-03-29,MOD,793
2021-03-29,PFR,1517
2021-03-30,JSN,336
2021-03-30,MOD,1384
2021-03-30,PFR,3335
2021-03-31,JSN,834
2021-03-31,MOD,1414
2021-03-31,PFR,2532
2021-04-01,ASZ,1
2021-04-01,JSN,634
2021-04-01,MOD,3847
2021-04-01,PFR,2435
2021-04-02,JSN,418
2021-04-02,MOD,1657
2021-04-02,PFR,3525
2021-04-03,JSN,411
2021-04-03,MOD,1464
2021-04-03,PFR,3697
2021-04-04,JSN,153
2021-04-04,MOD,589
2021-04-04,PFR,131
2021-04-05,JSN,545
2021-04-05,MOD,2230
2021-04-05,PFR,2661
2021-04-06,JSN,797
2021-04-06,MOD,2206
2021-04-06,PFR,4123
2021-04-07,JSN,755
2021-04-07,MOD,2491
2021-04-07,PFR,5304
2021-04-08,JSN,902
2021-04-08,MOD,2990
2021-04-08,PFR,3724
2021-04-09,JSN,780
2021-04-09,MOD,2245
2021-04-09,PFR,3407
2021-04-10,JSN,560
2021-04-10,MOD,3409
2021-04-10,PFR,1272
2021-04-11,JSN,423
2021-04-11,MOD,861
2021-04-11,PFR,369
2021-04-12,JSN,688
2021-04-12,MOD,1002
2021-04-12,PFR,1435
2021-04-13,JSN,7
2021-04-13,MOD,3984
2021-04-13,PFR,3061
2021-04-14,MOD,1812
2021-04-14,PFR,1925
2021-04-15,MOD,2341
2021-04-15,PFR,2155
2021-04-16,ASZ,1
2021-04-16,MOD,1618
2021-04-16,PFR,1884
2021-04-17,ASZ,2
2021-04-17,MOD,1245
2021-04-17,PFR,1981
2021-04-18,MOD,635
2021-04-18,PFR,523
2021-04-19,ASZ,1
2021-04-19,MOD,1898
2021-04-19,PFR,916
2021-04-20,JSN,2
2021-04-20,MOD,1601
2021-04-20,PFR,1627
2021-04-21,MOD,2100
2021-04-21,PFR,1360
2021-04-22,ASZ,1
2021-04-22,MOD,1387
2021-04-22,PFR,1177
2021-04-23,MOD,878
2021-04-23,PFR,1431
2021-04-24,JSN,50
2021-04-24,MOD,1069
2021-04-24,PFR,711
2021-04-25,JSN,22
2021-04-25,MOD,455
2021-04-25,PFR,151
2021-04-26,JSN,74
2021-04-26,MOD,713
2021-04-26,PFR,1352
2021-04-27,JSN,122
2021-04-27,MOD,947
2021-04-27,PFR,2373
2021-04-28,JSN,187
2021-04-28,MOD,876
2021-04-28,PFR,1112
2021-04-29,JSN,144
2021-04-29,MOD,841
2021-04-29,PFR,915
2021-04-30,JSN,180
2021-04-30,MOD,958
2021-04-30,PFR,1680
2021-05-01,JSN,85
2021-05-01,MOD,559
2021-05-01,PFR,443
2021-05-02,JSN,37
2021-05-02,MOD,208
2021-05-02,PFR,181
2021-05-03,JSN,127
2021-05-03,MOD,572
2021-05-03,PFR,578
2021-05-04,JSN,305
2021-05-04,MOD,766
2021-05-04,PFR,1573
2021-05-05,JSN,129
2021-05-05,MOD,692
2021-05-05,PFR,757
2021-05-06,JSN,334
2021-05-06,MOD,633
2021-05-06,PFR,679
2021-05-07,JSN,385
2021-05-07,MOD,880
2021-05-07,PFR,1191
2021-05-08,JSN,193
2021-05-08,MOD,545
2021-05-08,PFR,893
2021-05-09,JSN,51
2021-05-09,MOD,340
2021-05-09,PFR,192
2021-05-10,JSN,161
2021-05-10,MOD,559
2021-05-10,PFR,566
2021-05-11,JSN,242
2021-05-11,MOD,821
2021-05-11,PFR,1267
2021-05-12,JSN,192
2021-05-12,MOD,843
2021-05-12,PFR,930
2021-05-13,JSN,195
2021-05-13,MOD,771
2021-05-13,PFR,2128
2021-05-14,JSN,378
2021-05-14,MOD,782
2021-05-14,PFR,2767
2021-05-15,ASZ,1
2021-05-15,JSN,191
2021-05-15,MOD,472
2021-05-15,PFR,1494
2021-05-16,JSN,74
2021-05-16,MOD,235
2021-05-16,PFR,644
2021-05-17,ASZ,2
2021-05-17,JSN,235
2021-05-17,MOD,577
2021-05-17,PFR,1585
2021-05-18,JSN,345
2021-05-18,MOD,691
2021-05-18,PFR,1636
2021-05-19,JSN,206
2021-05-19,MOD,637
2021-05-19,PFR,1223
2021-05-20,JSN,424
2021-05-20,MOD,476
2021-05-20,PFR,1162
2021-05-21,ASZ,2
2021-05-21,JSN,322
2021-05-21,MOD,589
2021-05-21,PFR,1427
2021-05-22,JSN,148
2021-05-22,MOD,227
2021-05-22,PFR,873
2021-05-23,JSN,96
2021-05-23,MOD,124
2021-05-23,PFR,279
2021-05-24,JSN,318
2021-05-24,MOD,408
2021-05-24,PFR,849
2021-05-25,JSN,313
2021-05-25,MOD,464
2021-05-25,PFR,1341
2021-05-26,JSN,234
2021-05-26,MOD,632
2021-05-26,PFR,980
2021-05-27,JSN,263
2021-05-27,MOD,412
2021-05-27,PFR,859
2021-05-28,JSN,197
2021-05-28,MOD,555
2021-05-28,PFR,1066
2021-05-29,ASZ,1
2021-05-29,JSN,117
2021-05-29,MOD,195
2021-05-29,PFR,386
2021-05-30,JSN,154
2021-05-30,MOD,94
2021-05-30,PFR,191
2021-05-31,JSN,47
2021-05-31,MOD,153
2021-05-31,PFR,150
2021-06-01,JSN,217
2021-06-01,MOD,389
2021-06-01,PFR,1073
2021-06-02,JSN,197
2021-06-02,MOD,408
2021-06-02,PFR,1048
2021-06-03,JSN,198
2021-06-03,MOD,336
2021-06-03,PFR,1612
2021-06-04,ASZ,1
2021-06-04,JSN,253
2021-06-04,MOD,511
2021-06-04,PFR,2343
2021-06-05,JSN,121
2021-06-05,MOD,173
2021-06-05,PFR,1212
2021-06-06,JSN,50
2021-06-06,MOD,106
2021-06-06,PFR,364
2021-06-07,JSN,275
2021-06-07,MOD,311
2021-06-07,PFR,1627
2021-06-08,JSN,187
2021-06-08,MOD,247
2021-06-08,PFR,1578
2021-06-09,JSN,170
2021-06-09,MOD,350
2021-06-09,PFR,1110
2021-06-10,ASZ,1
2021-06-10,JSN,198
2021-06-10,MOD,288
2021-06-10,PFR,1458
2021-06-11,JSN,236
2021-06-11,MOD,550
2021-06-11,PFR,1382
2021-06-12,ASZ,2
2021-06-12,JSN,159
2021-06-12,MOD,115
2021-06-12,PFR,742
2021-06-13,JSN,65
2021-06-13,MOD,99
2021-06-13,PFR,216
2021-06-14,JSN,132
2021-06-14,MOD,292
2021-06-14,PFR,1039
2021-06-15,JSN,165
2021-06-15,MOD,305
2021-06-15,PFR,991
2021-06-16,JSN,175
2021-06-16,MOD,373
2021-06-16,PFR,928
2021-06-17,JSN,177
2021-06-17,MOD,276
2021-06-17,PFR,893
2021-06-18,JSN,127
2021-06-18,MOD,274
2021-06-18,PFR,1035
2021-06-19,JSN,72
2021-06-19,MOD,109
2021-06-19,PFR,417
2021-06-20,JSN,79
2021-06-20,MOD,85
2021-06-20,PFR,199
2021-06-21,JSN,143
2021-06-21,MOD,227
2021-06-21,PFR,544
2021-06-22,JSN,184
2021-06-22,MOD,256
2021-06-22,PFR,873
2021-06-23,JSN,122
2021-06-23,MOD,212
2021-06-23,PFR,829
2021-06-24,JSN,98
2021-06-24,MOD,193
2021-06-24,PFR,723
2021-06-25,ASZ,1
2021-06-25,JSN,165
2021-06-25,MOD,301
2021-06-25,PFR,916
2021-06-26,JSN,68
2021-06-26,MOD,109
2021-06-26,PFR,328
2021-06-27,JSN,51
2021-06-27,MOD,75
2021-06-27,PFR,190
2021-06-28,JSN,124
2021-06-28,MOD,142
2021-06-28,PFR,611
2021-06-29,JSN,107
2021-06-29,MOD,199
2021-06-29,PFR,687
2021-06-30,JSN,122
2021-06-30,MOD,195
2021-06-30,PFR,658
2021-07-01,ASZ,1
2021-07-01,JSN,99
2021-07-01,MOD,165
2021-07-01,PFR,673
2021-07-02,ASZ,1
2021-07-02,JSN,93
2021-07-02,MOD,230
2021-07-02,PFR,639
2021-07-03,JSN,45
2021-07-03,MOD,70
2021-07-03,PFR,217
2021-07-04,JSN,34
2021-07-04,MOD,32
2021-07-04,PFR,46
2021-07-05,JSN,55
2021-07-05,MOD,121
2021-07-05,PFR,247
2021-07-06,JSN,82
2021-07-06,MOD,127
2021-07-06,PFR,593
2021-07-07,JSN,91
2021-07-07,MOD,163
2021-07-07,PFR,587
2021-07-08,JSN,116
2021-07-08,MOD,196
2021-07-08,PFR,613
2021-07-09,JSN,153
2021-07-09,MOD,281
2021-07-09,PFR,656
2021-07-10,JSN,25
2021-07-10,MOD,64
2021-07-10,PFR,345
2021-07-11,JSN,22
2021-07-11,MOD,69
2021-07-11,PFR,135
2021-07-12,JSN,116
2021-07-12,MOD,174
2021-07-12,PFR,507
2021-07-13,JSN,98
2021-07-13,MOD,145
2021-07-13,PFR,469
2021-07-14,JSN,77
2021-07-14,MOD,171
2021-07-14,PFR,562
2021-07-15,JSN,72
2021-07-15,MOD,159
2021-07-15,PFR,688
2021-07-16,ASZ,1
2021-07-16,JSN,95
2021-07-16,MOD,222
2021-07-16,PFR,702
2021-07-17,JSN,36
2021-07-17,MOD,77
2021-07-17,PFR,320
2021-07-18,JSN,12
2021-07-18,MOD,47
2021-07-18,PFR,177
2021-07-19,JSN,79
2021-07-19,MOD,227
2021-07-19,PFR,539
2021-07-20,ASZ,1
2021-07-20,JSN,98
2021-07-20,MOD,190
2021-07-20,PFR,539
2021-07-21,JSN,132
2021-07-21,MOD,195
2021-07-21,PFR,652
2021-07-22,ASZ,1
2021-07-22,JSN,87
2021-07-22,MOD,235
2021-07-22,PFR,623
2021-07-23,JSN,141
2021-07-23,MOD,323
2021-07-23,PFR,813
2021-07-24,JSN,16
2021-07-24,MOD,107
2021-07-24,PFR,362
2021-07-25,JSN,15
2021-07-25,MOD,86
2021-07-25,PFR,187
2021-07-26,JSN,100
2021-07-26,MOD,223
2021-07-26,PFR,529
2021-07-27,JSN,123
2021-07-27,MOD,187
2021-07-27,PFR,641
2021-07-28,ASZ,1
2021-07-28,JSN,106
2021-07-28,MOD,243
2021-07-28,PFR,758
2021-07-29,JSN,97
2021-07-29,MOD,194
2021-07-29,PFR,771
2021-07-30,JSN,159
2021-07-30,MOD,332
2021-07-30,PFR,895
2021-07-31,JSN,42
2021-07-31,MOD,95
2021-07-31,PFR,399
2021-08-01,JSN,18
2021-08-01,MOD,65
2021-08-01,PFR,199
2021-08-02,JSN,104
2021-08-02,MOD,196
2021-08-02,PFR,647
2021-08-03,JSN,127
2021-08-03,MOD,190
2021-08-03,PFR,668
2021-08-04,JSN,90
2021-08-04,MOD,226
2021-08-04,PFR,747
2021-08-05,JSN,97
2021-08-05,MOD,259
2021-08-05,PFR,781
2021-08-06,ASZ,1
2021-08-06,JSN,82
2021-08-06,MOD,290
2021-08-06,PFR,862
2021-08-07,JSN,74
2021-08-07,MOD,117
2021-08-07,PFR,430
2021-08-08,JSN,11
2021-08-08,MOD,107
2021-08-08,PFR,254
2021-08-09,ASZ,1
2021-08-09,JSN,79
2021-08-09,MOD,212
2021-08-09,PFR,756
2021-08-10,ASZ,1
2021-08-10,JSN,88
2021-08-10,MOD,211
2021-08-10,PFR,759
2021-08-11,JSN,87
2021-08-11,MOD,264
2021-08-11,PFR,797
2021-08-12,JSN,115
2021-08-12,MOD,234
2021-08-12,PFR,873
2021-08-13,JSN,95
2021-08-13,MOD,353
2021-08-13,PFR,1047
2021-08-14,JSN,21
2021-08-14,MOD,144
2021-08-14,PFR,553
2021-08-15,JSN,8
2021-08-15,MOD,98
2021-08-15,PFR,257
2021-08-16,JSN,78
2021-08-16,MOD,279
2021-08-16,PFR,868
2021-08-17,JSN,79
2021-08-17,MOD,330
2021-08-17,PFR,863
2021-08-18,JSN,56
2021-08-18,MOD,407
2021-08-18,PFR,971
2021-08-19,ASZ,1
2021-08-19,JSN,82
2021-08-19,MOD,417
2021-08-19,PFR,906
2021-08-20,JSN,131
2021-08-20,MOD,549
2021-08-20,PFR,1229
2021-08-21,JSN,27
2021-08-21,MOD,150
2021-08-21,PFR,609
2021-08-22,JSN,10
2021-08-22,MOD,110
2021-08-22,PFR,320
2021-08-23,JSN,101
2021-08-23,MOD,353
2021-08-23,PFR,1058
2021-08-24,JSN,120
2021-08-24,MOD,335
2021-08-24,PFR,1007
2021-08-25,JSN,80
2021-08-25,MOD,431
2021-08-25,PFR,1213
2021-08-26,JSN,116
2021-08-26,MOD,446
2021-08-26,PFR,1365
2021-08-27,JSN,122
2021-08-27,MOD,544
2021-08-27,PFR,1391
2021-08-28,JSN,30
2021-08-28,MOD,147
2021-08-28,PFR,605
2021-08-29,JSN,11
2021-08-29,MOD,108
2021-08-29,PFR,339
2021-08-30,JSN,59
2021-08-30,MOD,386
2021-08-30,PFR,1026
2021-08-31,JSN,102
2021-08-31,MOD,458
2021-08-31,PFR,995
2021-09-01,JSN,79
2021-09-01,MOD,389
2021-09-01,PFR,1099
2021-09-02,JSN,47
2021-09-02,MOD,356
2021-09-02,PFR,999
2021-09-03,JSN,134
2021-09-03,MOD,497
2021-09-03,PFR,1319
2021-09-04,JSN,10
2021-09-04,MOD,150
2021-09-04,PFR,637
2021-09-05,JSN,9
2021-09-05,MOD,124
2021-09-05,PFR,350
2021-09-06,JSN,5
2021-09-06,MOD,78
2021-09-06,PFR,285
2021-09-07,JSN,113
2021-09-07,MOD,412
2021-09-07,PFR,1056
2021-09-08,JSN,91
2021-09-08,MOD,412
2021-09-08,PFR,1101
2021-09-09,JSN,89
2021-09-09,MOD,518
2021-09-09,PFR,1138
2021-09-10,ASZ,1
2021-09-10,JSN,129
2021-09-10,MOD,619
2021-09-10,PFR,1358
2021-09-11,JSN,14
2021-09-11,MOD,184
2021-09-11,PFR,553
2021-09-12,JSN,9
2021-09-12,MOD,112
2021-09-12,PFR,293
2021-09-13,ASZ,1
2021-09-13,JSN,69
2021-09-13,MOD,407
2021-09-13,PFR,903
2021-09-14,JSN,98
2021-09-14,MOD,326
2021-09-14,PFR,807
2021-09-15,JSN,58
2021-09-15,MOD,382
2021-09-15,PFR,1027
2021-09-16,JSN,71
2021-09-16,MOD,416
2021-09-16,PFR,948
2021-09-17,JSN,138
2021-09-17,MOD,471
2021-09-17,PFR,1364
2021-09-18,JSN,12
2021-09-18,MOD,168
2021-09-18,PFR,445
2021-09-19,JSN,19
2021-09-19,MOD,84
2021-09-19,PFR,284
2021-09-20,JSN,95
2021-09-20,MOD,359
2021-09-20,PFR,855
2021-09-21,ASZ,1
2021-09-21,JSN,102
2021-09-21,MOD,369
2021-09-21,PFR,773
2021-09-22,JSN,70
2021-09-22,MOD,337
2021-09-22,PFR,951
2021-09-23,JSN,90
2021-09-23,MOD,439
2021-09-23,PFR,1162
2021-09-24,ASZ,1
2021-09-24,JSN,120
2021-09-24,MOD,577
2021-09-24,PFR,2076
2021-09-25,JSN,32
2021-09-25,MOD,127
2021-09-25,PFR,1061
2021-09-26,JSN,15
2021-09-26,MOD,66
2021-09-26,PFR,638
2021-09-27,JSN,65
2021-09-27,MOD,330
2021-09-27,PFR,2065
2021-09-28,JSN,98
2021-09-28,MOD,372
2021-09-28,PFR,2243
2021-09-29,JSN,107
2021-09-29,MOD,377
2021-09-29,PFR,2666
2021-09-30,ASZ,1
2021-09-30,JSN,105
2021-09-30,MOD,416
2021-09-30,PFR,2587
2021-10-01,JSN,88
2021-10-01,MOD,477
2021-10-01,PFR,3789
2021-10-02,JSN,25
2021-10-02,MOD,164
2021-10-02,PFR,1490
2021-10-03,JSN,7
2021-10-03,MOD,65
2021-10-03,PFR,655
2021-10-04,JSN,83
2021-10-04,MOD,308
2021-10-04,PFR,1669
2021-10-05,JSN,95
2021-10-05,MOD,263
2021-10-05,PFR,1655
2021-10-06,JSN,80
2021-10-06,MOD,329
2021-10-06,PFR,2228
2021-10-07,JSN,101
2021-10-07,MOD,370
2021-10-07,PFR,2127
2021-10-08,JSN,111
2021-10-08,MOD,427
2021-10-08,PFR,3204
2021-10-09,JSN,21
2021-10-09,MOD,130
2021-10-09,PFR,1268
2021-10-10,JSN,8
2021-10-10,MOD,70
2021-10-10,PFR,479
2021-10-11,ASZ,1
2021-10-11,JSN,47
2021-10-11,MOD,272
2021-10-11,PFR,1410
2021-10-12,JSN,72
2021-10-12,MOD,264
2021-10-12,PFR,1504
2021-10-13,ASZ,1
2021-10-13,JSN,77
2021-10-13,MOD,285
2021-10-13,PFR,1770
2021-10-14,ASZ,1
2021-10-14,JSN,74
2021-10-14,MOD,370
2021-10-14,PFR,1918
2021-10-15,JSN,116
2021-10-15,MOD,450
2021-10-15,PFR,2019
2021-10-16,JSN,30
2021-10-16,MOD,123
2021-10-16,PFR,1028
2021-10-17,JSN,8
2021-10-17,MOD,77
2021-10-17,PFR,348
2021-10-18,JSN,68
2021-10-18,MOD,374
2021-10-18,PFR,1122
2021-10-19,JSN,67
2021-10-19,MOD,270
2021-10-19,PFR,1447
2021-10-20,JSN,78
2021-10-20,MOD,293
2021-10-20,PFR,1498
2021-10-21,JSN,81
2021-10-21,MOD,638
2021-10-21,PFR,1526
2021-10-22,JSN,104
2021-10-22,MOD,1840
2021-10-22,PFR,1741
2021-10-23,JSN,52
2021-10-23,MOD,1284
2021-10-23,PFR,784
2021-10-24,JSN,13
2021-10-24,MOD,568
2021-10-24,PFR,391
2021-10-25,JSN,94
2021-10-25,MOD,1966
2021-10-25,PFR,1012
2021-10-26,JSN,125
2021-10-26,MOD,2088
2021-10-26,PFR,1148
2021-10-27,JSN,140
2021-10-27,MOD,2226
2021-10-27,PFR,1445
2021-10-28,JSN,115
2021-10-28,MOD,2047
2021-10-28,PFR,1332
2021-10-29,JSN,132
2021-10-29,MOD,2674
2021-10-29,PFR,1856
2021-10-30,JSN,68
2021-10-30,MOD,1171
2021-10-30,PFR,654
2021-10-31,JSN,31
2021-10-31,MOD,378
2021-10-31,PFR,247
2021-11-01,JSN,141
2021-11-01,MOD,1495
2021-11-01,PFR,989
2021-11-02,JSN,131
2021-11-02,MOD,1461
2021-11-02,PFR,972
2021-11-03,JSN,147
2021-11-03,MOD,1954
2021-11-03,PFR,1787
2021-11-04,JSN,119
2021-11-04,MOD,1991
2021-11-04,PFR,2120
2021-11-05,ASZ,1
2021-11-05,JSN,151
2021-11-05,MOD,2224
2021-11-05,PFR,2690
2021-11-06,JSN,57
2021-11-06,MOD,852
2021-11-06,PFR,1532
2021-11-07,JSN,45
2021-11-07,MOD,334
2021-11-07,PFR,432
2021-11-08,JSN,108
2021-11-08,MOD,1204
2021-11-08,PFR,1885
2021-11-09,JSN,116
2021-11-09,MOD,1386
2021-11-09,PFR,1932
2021-11-10,JSN,95
2021-11-10,MOD,1684
2021-11-10,PFR,2208
2021-11-11,JSN,47
2021-11-11,MOD,1114
2021-11-11,PFR,1490
2021-11-12,JSN,110
2021-11-12,MOD,1674
2021-11-12,PFR,1970
2021-11-13,JSN,45
2021-11-13,MOD,740
2021-11-13,PFR,1624
2021-11-14,JSN,44
2021-11-14,MOD,212
2021-11-14,PFR,258
2021-11-15,JSN,79
2021-11-15,MOD,1049
2021-11-15,PFR,1165
2021-11-16,JSN,82
2021-11-16,MOD,1392
2021-11-16,PFR,1541
2021-11-17,JSN,93
2021-11-17,MOD,1430
2021-11-17,PFR,1895
2021-11-18,JSN,69
2021-11-18,MOD,1373
2021-11-18,PFR,1367
2021-11-19,JSN,92
2021-11-19,MOD,1690
2021-11-19,PFR,1607
2021-11-20,JSN,55
2021-11-20,MOD,662
2021-11-20,PFR,1075
2021-11-21,JSN,24
2021-11-21,MOD,354
2021-11-21,PFR,350
2021-11-22,JSN,64
2021-11-22,MOD,1146
2021-11-22,PFR,1355
2021-11-23,JSN,95
2021-11-23,MOD,1303
2021-11-23,PFR,1622
2021-11-24,JSN,79
2021-11-24,MOD,945
2021-11-24,PFR,1433
2021-11-25,JSN,3
2021-11-25,MOD,23
2021-11-25,PFR,3
2021-11-26,JSN,40
2021-11-26,MOD,891
2021-11-26,PFR,1438
2021-11-27,JSN,33
2021-11-27,MOD,497
2021-11-27,PFR,1236
2021-11-28,JSN,27
2021-11-28,MOD,292
2021-11-28,PFR,457
2021-11-29,JSN,59
2021-11-29,MOD,1060
2021-11-29,PFR,2352
2021-11-30,JSN,93
2021-11-30,MOD,1197
2021-11-30,PFR,2193
2021-12-01,JSN,81
2021-12-01,MOD,1354
2021-12-01,PFR,2293
2021-12-02,JSN,89
2021-12-02,MOD,1421
2021-12-02,PFR,1972
2021-12-03,JSN,93
2021-12-03,MOD,1844
2021-12-03,PFR,2462
2021-12-04,JSN,46
2021-12-04,MOD,530
2021-12-04,PFR,1856
2021-12-05,JSN,31
2021-12-05,MOD,193
2021-12-05,PFR,339
2021-12-06,JSN,79
2021-12-06,MOD,963
2021-12-06,PFR,1601
2021-12-07,JSN,88
2021-12-07,MOD,954
2021-12-07,PFR,1742
2021-12-08,JSN,81
2021-12-08,MOD,1123
2021-12-08,PFR,1852
2021-12-09,JSN,77
2021-12-09,MOD,872
2021-12-09,PFR,1406
2021-12-10,JSN,67
2021-12-10,MOD,1263
2021-12-10,NVX,1
2021-12-10,PFR,2032
2021-12-11,JSN,43
2021-12-11,MOD,448
2021-12-11,PFR,1011
2021-12-12,JSN,17
2021-12-12,MOD,177
2021-12-12,PFR,337
2021-12-13,ASZ,1
2021-12-13,JSN,59
2021-12-13,MOD,710
2021-12-13,PFR,1201
2021-12-14,JSN,78
2021-12-14,MOD,958
2021-12-14,PFR,1526
2021-12-15,JSN,64
2021-12-15,MOD,849
2021-12-15,PFR,1390
2021-12-16,JSN,55
2021-12-16,MOD,859
2021-12-16,PFR,1102
2021-12-17,JSN,39
2021-12-17,MOD,1156
2021-12-17,PFR,1675
2021-12-18,JSN,27
2021-12-18,MOD,403
2021-12-18,PFR,759
2021-12-19,JSN,13
2021-12-19,MOD,225
2021-12-19,PFR,325
2021-12-20,ASZ,1
2021-12-20,JSN,50
2021-12-20,MOD,911
2021-12-20,PFR,1462
2021-12-21,JSN,48
2021-12-21,MOD,867
2021-12-21,PFR,1443
2021-12-22,JSN,33
2021-12-22,MOD,880
2021-12-22,PFR,1430
2021-12-23,JSN,24
2021-12-23,MOD,672
2021-12-23,PFR,914
2021-12-24,JSN,12
2021-12-24,MOD,184
2021-12-24,PFR,228
2021-12-25,JSN,1
2021-12-25,MOD,7
2021-12-25,PFR,1
2021-12-26,JSN,16
2021-12-26,MOD,141
2021-12-26,PFR,267
2021-12-27,JSN,34
2021-12-27,MOD,589
2021-12-27,PFR,1074
2021-12-28,JSN,53
2021-12-28,MOD,649
2021-12-28,PFR,1150
2021-12-29,JSN,24
2021-12-29,MOD,859
2021-12-29,PFR,1176
2021-12-30,JSN,58
2021-12-30,MOD,952
2021-12-30,PFR,1260
2021-12-31,JSN,30
2021-12-31,MOD,401
2021-12-31,PFR,539
2022-01-01,JSN,1
2022-01-01,MOD,51
2022-01-01,PFR,28
2022-01-02,JSN,15
2022-01-02,MOD,156
2022-01-02,PFR,324
2022-01-03,JSN,61
2022-01-03,MOD,521
2022-01-03,NVX,1
2022-01-03,PFR,864
2022-01-04,JSN,46
2022-01-04,MOD,477
2022-01-04,PFR,1003
2022-01-05,JSN,51
2022-01-05,MOD,759
2022-01-05,PFR,1183
2022-01-06,ASZ,1
2022-01-06,JSN,44
2022-01-06,MOD,683
2022-01-06,PFR,1172
2022-01-07,JSN,59
2022-01-07,MOD,910
2022-01-07,PFR,1585
2022-01-08,JSN,35
2022-01-08,MOD,333
2022-01-08,PFR,889
2022-01-09,JSN,15
2022-01-09,MOD,200
2022-01-09,PFR,349
2022-01-10,JSN,48
2022-01-10,MOD,511
2022-01-10,PFR,1056
2022-01-11,JSN,48
2022-01-11,MOD,498
2022-01-11,PFR,1241
2022-01-12,JSN,40
2022-01-12,MOD,660
2022-01-12,PFR,1203
2022-01-13,JSN,41
2022-01-13,MOD,648
2022-01-13,PFR,988
2022-01-14,JSN,55
2022-01-14,MOD,860
2022-01-14,PFR,1594
2022-01-15,JSN,27
2022-01-15,MOD,320
2022-01-15,PFR,703
2022-01-16,JSN,17
2022-01-16,MOD,120
2022-01-16,PFR,283
2022-01-17,JSN,23
2022-01-17,MOD,288
2022-01-17,PFR,719
2022-01-18,JSN,38
2022-01-18,MOD,436
2022-01-18,PFR,883
2022-01-19,ASZ,1
2022-01-19,JSN,35
2022-01-19,MOD,481
2022-01-19,PFR,978
2022-01-20,JSN,20
2022-01-20,MOD,517
2022-01-20,PFR,976
2022-01-21,JSN,32
2022-01-21,MOD,691
2022-01-21,PFR,1233
2022-01-22,ASZ,1
2022-01-22,JSN,21
2022-01-22,MOD,213
2022-01-22,PFR,760
2022-01-23,JSN,12
2022-01-23,MOD,130
2022-01-23,PFR,224
2022-01-24,JSN,24
2022-01-24,MOD,298
2022-01-24,PFR,657
2022-01-25,JSN,43
2022-01-25,MOD,434
2022-01-25,PFR,805
2022-01-26,JSN,22
2022-01-26,MOD,446
2022-01-26,PFR,726
2022-01-27,JSN,23
2022-01-27,MOD,347
2022-01-27,PFR,789
2022-01-28,JSN,24
2022-01-28,MOD,413
2022-01-28,PFR,1025
2022-01-29,JSN,28
2022-01-29,MOD,206
2022-01-29,PFR,478
2022-01-30,JSN,7
2022-01-30,MOD,71
2022-01-30,PFR,186
2022-01-31,JSN,25
2022-01-31,MOD,237
2022-01-31,PFR,579
2022-02-01,JSN,27
2022-02-01,MOD,282
2022-02-01,PFR,642
2022-02-02,JSN,28
2022-02-02,MOD,261
2022-02-02,PFR,740
2022-02-03,JSN,17
2022-02-03,MOD,314
2022-02-03,PFR,631
2022-02-04,JSN,25
2022-02-04,MOD,327
2022-02-04,PFR,880
2022-02-05,JSN,12
2022-02-05,MOD,96
2022-02-05,PFR,310
2022-02-06,JSN,3
2022-02-06,MOD,58
2022-02-06,PFR,132
2022-02-07,JSN,18
2022-02-07,MOD,211
2022-02-07,PFR,464
2022-02-08,ASZ,1
2022-02-08,JSN,23
2022-02-08,MOD,321
2022-02-08,PFR,579
2022-02-09,JSN,22
2022-02-09,MOD,243
2022-02-09,PFR,666
2022-02-10,JSN,25
2022-02-10,MOD,252
2022-02-10,PFR,499
2022-02-11,JSN,30
2022-02-11,MOD,329
2022-02-11,PFR,722
2022-02-12,JSN,8
2022-02-12,MOD,80
2022-02-12,PFR,257
2022-02-13,JSN,5
2022-02-13,MOD,68
2022-02-13,PFR,98
2022-02-14,JSN,12
2022-02-14,MOD,134
2022-02-14,PFR,319
2022-02-15,JSN,20
2022-02-15,MOD,149
2022-02-15,PFR,432
2022-02-16,JSN,13
2022-02-16,MOD,162
2022-02-16,PFR,336
2022-02-17,JSN,18
2022-02-17,MOD,174
2022-02-17,PFR,462
2022-02-18,JSN,27
2022-02-18,MOD,229
2022-02-18,PFR,630
2022-02-19,JSN,8
2022-02-19,MOD,105
2022-02-19,PFR,229
2022-02-20,MOD,39
2022-02-20,PFR,116
2022-02-21,JSN,28
2022-02-21,MOD,135
2022-02-21,PFR,308
2022-02-22,ASZ,1
2022-02-22,JSN,15
2022-02-22,MOD,125
2022-02-22,PFR,399
2022-02-23,JSN,15
2022-02-23,MOD,140
2022-02-23,PFR,297
2022-02-24,JSN,12
2022-02-24,MOD,240
2022-02-24,PFR,403
2022-02-25,JSN,14
2022-02-25,MOD,233
2022-02-25,PFR,554
2022-02-26,JSN,5
2022-02-26,MOD,60
2022-02-26,PFR,197
2022-02-27,MOD,25
2022-02-27,PFR,79
2022-02-28,JSN,11
2022-02-28,MOD,121
2022-02-28,PFR,346
2022-03-01,JSN,3
2022-03-01,MOD,154
2022-03-01,PFR,331
2022-03-02,JSN,13
2022-03-02,MOD,136
2022-03-02,PFR,315
2022-03-03,JSN,12
2022-03-03,MOD,146
2022-03-03,PFR,384
2022-03-04,JSN,7
2022-03-04,MOD,208
2022-03-04,PFR,397
2022-03-05,JSN,7
2022-03-05,MOD,40
2022-03-05,PFR,119
2022-03-06,JSN,1
2022-03-06,MOD,25
2022-03-06,PFR,54
2022-03-07,JSN,10
2022-03-07,MOD,121
2022-03-07,PFR,274
2022-03-08,JSN,12
2022-03-08,MOD,141
2022-03-08,PFR,330
2022-03-09,JSN,22
2022-03-09,MOD,121
2022-03-09,PFR,285
2022-03-10,JSN,5
2022-03-10,MOD,130
2022-03-10,PFR,258
2022-03-11,JSN,11
2022-03-11,MOD,143
2022-03-11,PFR,368
2022-03-12,JSN,4
2022-03-12,MOD,37
2022-03-12,PFR,102
2022-03-13,JSN,1
2022-03-13,MOD,29
2022-03-13,PFR,58
2022-03-14,JSN,8
2022-03-14,MOD,118
2022-03-14,PFR,282
2022-03-15,JSN,11
2022-03-15,MOD,122
2022-03-15,PFR,241
2022-03-16,JSN,9
2022-03-16,MOD,128
2022-03-16,PFR,248
2022-03-17,JSN,11
2022-03-17,MOD,122
2022-03-17,PFR,298
2022-03-18,JSN,7
2022-03-18,MOD,195
2022-03-18,PFR,403
2022-03-19,JSN,5
2022-03-19,MOD,71
2022-03-19,PFR,116
2022-03-20,JSN,1
2022-03-20,MOD,27
2022-03-20,PFR,88
2022-03-21,JSN,13
2022-03-21,MOD,103
2022-03-21,PFR,218
2022-03-22,JSN,11
2022-03-22,MOD,105
2022-03-22,PFR,220
2022-03-23,JSN,9
2022-03-23,MOD,83
2022-03-23,PFR,310
2022-03-24,JSN,7
2022-03-24,MOD,122
2022-03-24,PFR,241
2022-03-25,JSN,13
2022-03-25,MOD,173
2022-03-25,PFR,331
2022-03-26,MOD,42
2022-03-26,PFR,114
2022-03-27,MOD,19
2022-03-27,PFR,33
2022-03-28,JSN,8
2022-03-28,MOD,118
2022-03-28,PFR,236
2022-03-29,JSN,5
2022-03-29,MOD,153
2022-03-29,PFR,282
2022-03-30,JSN,9
2022-03-30,MOD,548
2022-03-30,PFR,567
2022-03-31,JSN,12
2022-03-31,MOD,745
2022-03-31,PFR,770
2022-04-01,JSN,8
2022-04-01,MOD,768
2022-04-01,PFR,958
2022-04-02,JSN,6
2022-04-02,MOD,198
2022-04-02,PFR,372
2022-04-03,JSN,1
2022-04-03,MOD,127
2022-04-03,PFR,148
2022-04-04,JSN,5
2022-04-04,MOD,582
2022-04-04,PFR,608
2022-04-05,JSN,6
2022-04-05,MOD,464
2022-04-05,PFR,658
2022-04-06,JSN,5
2022-04-06,MOD,559
2022-04-06,PFR,606
2022-04-07,JSN,22
2022-04-07,MOD,640
2022-04-07,PFR,588
2022-04-08,JSN,7
2022-04-08,MOD,648
2022-04-08,PFR,779
2022-04-09,JSN,3
2022-04-09,MOD,166
2022-04-09,PFR,303
2022-04-10,JSN,1
2022-04-10,MOD,85
2022-04-10,PFR,96
2022-04-11,JSN,11
2022-04-11,MOD,530
2022-04-11,PFR,518
2022-04-12,JSN,9
2022-04-12,MOD,501
2022-04-12,PFR,563
2022-04-13,JSN,4
2022-04-13,MOD,458
2022-04-13,PFR,501
2022-04-14,JSN,9
2022-04-14,MOD,467
2022-04-14,PFR,600
2022-04-15,JSN,2
2022-04-15,MOD,546
2022-04-15,PFR,679
2022-04-16,JSN,2
2022-04-16,MOD,139
2022-04-16,PFR,228
2022-04-17,MOD,31
2022-04-17,PFR,40
2022-04-18,JSN,10
2022-04-18,MOD,440
2022-04-18,PFR,475
2022-04-19,JSN,8
2022-04-19,MOD,444
2022-04-19,PFR,496
2022-04-20,JSN,7
2022-04-20,MOD,414
2022-04-20,PFR,653
2022-04-21,JSN,3
2022-04-21,MOD,444
2022-04-21,PFR,462
2022-04-22,JSN,15
2022-04-22,MOD,425
2022-04-22,PFR,621
2022-04-23,JSN,6
2022-04-23,MOD,105
2022-04-23,PFR,259
2022-04-24,JSN,1
2022-04-24,MOD,74
2022-04-24,PFR,75
2022-04-25,JSN,4
2022-04-25,MOD,299
2022-04-25,PFR,430
2022-04-26,JSN,12
2022-04-26,MOD,356
2022-04-26,PFR,464
2022-04-27,JSN,4
2022-04-27,MOD,323
2022-04-27,PFR,368
2022-04-28,JSN,1
2022-04-28,MOD,350
2022-04-28,PFR,415
2022-04-29,JSN,7
2022-04-29,MOD,518
2022-04-29,PFR,593
2022-04-30,MOD,94
2022-04-30,PFR,191
2022-05-01,MOD,40
2022-05-01,PFR,69
2022-05-02,JSN,3
2022-05-02,MOD,272
2022-05-02,PFR,344
2022-05-03,JSN,5
2022-05-03,MOD,218
2022-05-03,PFR,317
2022-05-04,JSN,8
2022-05-04,MOD,283
2022-05-04,PFR,291
2022-05-05,JSN,5
2022-05-05,MOD,317
2022-05-05,PFR,391
2022-05-06,JSN,6
2022-05-06,MOD,278
2022-05-06,PFR,426
2022-05-07,JSN,2
2022-05-07,MOD,54
2022-05-07,PFR,128
2022-05-08,JSN,1
2022-05-08,MOD,44
2022-05-08,PFR,59
2022-05-09,JSN,8
2022-05-09,MOD,215
2022-05-09,PFR,303
2022-05-10,JSN,6
2022-05-10,MOD,216
2022-05-10,PFR,298
2022-05-11,JSN,3
2022-05-11,MOD,268
2022-05-11,PFR,309
2022-05-12,JSN,3
2022-05-12,MOD,323
2022-05-12,PFR,274
2022-05-13,JSN,5
2022-05-13,MOD,366
2022-05-13,PFR,463
2022-05-14,JSN,7
2022-05-14,MOD,83
2022-05-14,PFR,161
2022-05-15,MOD,52
2022-05-15,PFR,80
2022-05-16,JSN,6
2022-05-16,MOD,279
2022-05-16,PFR,302
2022-05-17,JSN,3
2022-05-17,MOD,250
2022-05-17,NVX,2
2022-05-17,PFR,311
2022-05-18,JSN,1
2022-05-18,MOD,242
2022-05-18,PFR,295
2022-05-19,JSN,2
2022-05-19,MOD,258
2022-05-19,PFR,344
2022-05-20,JSN,4
2022-05-20,MOD,267
2022-05-20,PFR,509
2022-05-21,JSN,1
2022-05-21,MOD,80
2022-05-21,PFR,174
2022-05-22,MOD,74
2022-05-22,PFR,85
2022-05-23,JSN,4
2022-05-23,MOD,250
2022-05-23,PFR,408
2022-05-24,JSN,1
2022-05-24,MOD,330
2022-05-24,PFR,420
2022-05-25,JSN,3
2022-05-25,MOD,294
2022-05-25,PFR,390
2022-05-26,JSN,7
2022-05-26,MOD,274
2022-05-26,PFR,359
2022-05-27,JSN,4
2022-05-27,MOD,317
2022-05-27,PFR,454
2022-05-28,JSN,4
2022-05-28,MOD,66
2022-05-28,PFR,111
2022-05-29,MOD,65
2022-05-29,PFR,73
2022-05-30,MOD,34
2022-05-30,PFR,42
2022-05-31,JSN,2
2022-05-31,MOD,196
2022-05-31,PFR,345
2022-06-01,ASZ,1
2022-06-01,MOD,243
2022-06-01,PFR,346
2022-06-02,JSN,6
2022-06-02,MOD,295
2022-06-02,PFR,329
2022-06-03,JSN,10
2022-06-03,MOD,351
2022-06-03,PFR,491
2022-06-04,MOD,102
2022-06-04,PFR,151
2022-06-05,MOD,55
2022-06-05,PFR,66
2022-06-06,JSN,2
2022-06-06,MOD,199
2022-06-06,PFR,316
2022-06-07,JSN,2
2022-06-07,MOD,193
2022-06-07,PFR,291
2022-06-08,JSN,1
2022-06-08,MOD,190
2022-06-08,PFR,256
2022-06-09,MOD,221
2022-06-09,PFR,292
2022-06-10,JSN,1
2022-06-10,MOD,280
2022-06-10,PFR,377
2022-06-11,JSN,2
2022-06-11,MOD,59
2022-06-11,PFR,125
2022-06-12,MOD,39
2022-06-12,PFR,61
2022-06-13,JSN,3
2022-06-13,MOD,171
2022-06-13,PFR,291
2022-06-14,JSN,3
2022-06-14,MOD,144
2022-06-14,PFR,233
2022-06-15,JSN,1
2022-06-15,MOD,143
2022-06-15,PFR,231
2022-06-16,JSN,5
2022-06-16,MOD,184
2022-06-16,PFR,281
2022-06-17,JSN,3
2022-06-17,MOD,200
2022-06-17,PFR,303
2022-06-18,JSN,1
2022-06-18,MOD,55
2022-06-18,PFR,101
2022-06-19,JSN,1
2022-06-19,MOD,41
2022-06-19,PFR,53
2022-06-20,JSN,4
2022-06-20,MOD,176
2022-06-20,PFR,235
2022-06-21,JSN,2
2022-06-21,MOD,206
2022-06-21,PFR,272
2022-06-22,JSN,3
2022-06-22,MOD,287
2022-06-22,PFR,295
2022-06-23,JSN,3
2022-06-23,MOD,284
2022-06-23,PFR,302
2022-06-24,JSN,1
2022-06-24,MOD,250
2022-06-24,PFR,304
2022-06-25,JSN,4
2022-06-25,MOD,68
2022-06-25,PFR,93
2022-06-26,MOD,52
2022-06-26,PFR,48
2022-06-27,JSN,2
2022-06-27,MOD,175
2022-06-27,PFR,272
2022-06-28,JSN,4
2022-06-28,MOD,279
2022-06-28,PFR,286
2022-06-29,JSN,4
2022-06-29,MOD,262
2022-06-29,PFR,277
2022-06-30,JSN,1
2022-06-30,MOD,228
2022-06-30,PFR,276
2022-07-01,JSN,4
2022-07-01,MOD,243
2022-07-01,PFR,286
2022-07-02,MOD,53
2022-07-02,PFR,80
2022-07-03,MOD,23
2022-07-03,PFR,36
2022-07-04,MOD,4
2022-07-04,PFR,9
2022-07-05,JSN,3
2022-07-05,MOD,171
2022-07-05,PFR,231
2022-07-06,JSN,3
2022-07-06,MOD,196
2022-07-06,PFR,265
2022-07-07,MOD,190
2022-07-07,PFR,330
2022-07-08,JSN,4
2022-07-08,MOD,322
2022-07-08,PFR,437
2022-07-09,JSN,1
2022-07-09,MOD,58
2022-07-09,PFR,130
2022-07-10,MOD,30
2022-07-10,PFR,58
2022-07-11,JSN,1
2022-07-11,MOD,196
2022-07-11,PFR,312
2022-07-12,JSN,2
2022-07-12,MOD,244
2022-07-12,NVX,2
2022-07-12,PFR,346
2022-07-13,JSN,5
2022-07-13,MOD,262
2022-07-13,PFR,402
2022-07-14,JSN,5
2022-07-14,MOD,338
2022-07-14,PFR,413
2022-07-15,JSN,5
2022-07-15,MOD,351
2022-07-15,PFR,497
2022-07-16,JSN,2
2022-07-16,MOD,67
2022-07-16,PFR,155
2022-07-17,JSN,2
2022-07-17,MOD,54
2022-07-17,PFR,51
2022-07-18,JSN,3
2022-07-18,MOD,254
2022-07-18,PFR,355
2022-07-19,JSN,1
2022-07-19,MOD,265
2022-07-19,PFR,308
2022-07-20,JSN,4
2022-07-20,MOD,242
2022-07-20,PFR,328
2022-07-21,JSN,3
2022-07-21,MOD,348
2022-07-21,PFR,376
2022-07-22,JSN,1
2022-07-22,MOD,399
2022-07-22,PFR,456
2022-07-23,JSN,1
2022-07-23,MOD,104
2022-07-23,PFR,111
2022-07-24,MOD,33
2022-07-24,PFR,52
2022-07-25,JSN,2
2022-07-25,MOD,240
2022-07-25,PFR,282
2022-07-26,JSN,2
2022-07-26,MOD,228
2022-07-26,PFR,372
2022-07-27,MOD,195
2022-07-27,PFR,320
2022-07-28,JSN,2
2022-07-28,MOD,204
2022-07-28,PFR,356
2022-07-29,JSN,4
2022-07-29,MOD,242
2022-07-29,PFR,375
2022-07-30,JSN,2
2022-07-30,MOD,57
2022-07-30,NVX,2
2022-07-30,PFR,84
2022-07-31,MOD,20
2022-07-31,NVX,2
2022-07-31,PFR,35
2022-08-01,JSN,3
2022-08-01,MOD,159
2022-08-01,NVX,1
2022-08-01,PFR,277
2022-08-02,JSN,4
2022-08-02,MOD,187
2022-08-02,NVX,1
2022-08-02,PFR,256
2022-08-03,JSN,1
2022-08-03,MOD,180
2022-08-03,NVX,4
2022-08-03,PFR,261
2022-08-04,JSN,1
2022-08-04,MOD,212
2022-08-04,NVX,2
2022-08-04,PFR,324
2022-08-05,JSN,2
2022-08-05,MOD,206
2022-08-05,PFR,367
2022-08-06,MOD,92
2022-08-06,PFR,104
2022-08-07,JSN,2
2022-08-07,MOD,25
2022-08-07,PFR,27
2022-08-08,MOD,153
2022-08-08,NVX,1
2022-08-08,PFR,323
2022-08-09,JSN,2
2022-08-09,MOD,173
2022-08-09,PFR,303
2022-08-10,JSN,2
2022-08-10,MOD,159
2022-08-10,NVX,6
2022-08-10,PFR,345
2022-08-11,JSN,1
2022-08-11,MOD,168
2022-08-11,NVX,1
2022-08-11,PFR,345
2022-08-12,JSN,7
2022-08-12,MOD,162
2022-08-12,NVX,3
2022-08-12,PFR,378
2022-08-13,MOD,43
2022-08-13,NVX,2
2022-08-13,PFR,90
2022-08-14,JSN,1
2022-08-14,MOD,19
2022-08-14,PFR,56
2022-08-15,JSN,6
2022-08-15,MOD,134
2022-08-15,PFR,306
2022-08-16,JSN,1
2022-08-16,MOD,148
2022-08-16,NVX,1
2022-08-16,PFR,279
2022-08-17,JSN,4
2022-08-17,MOD,127
2022-08-17,NVX,2
2022-08-17,PFR,243
2022-08-18,JSN,2
2022-08-18,MOD,144
2022-08-18,NVX,1
2022-08-18,PFR,247
2022-08-19,MOD,201
2022-08-19,PFR,256
2022-08-20,JSN,2
2022-08-20,MOD,36
2022-08-20,NVX,3
2022-08-20,PFR,50
2022-08-21,JSN,1
2022-08-21,MOD,23
2022-08-21,PFR,26
2022-08-22,JSN,2
2022-08-22,MOD,96
2022-08-22,PFR,198
2022-08-23,JSN,7
2022-08-23,MOD,117
2022-08-23,NVX,1
2022-08-23,PFR,219
2022-08-24,JSN,1
2022-08-24,MOD,122
2022-08-24,NVX,3
2022-08-24,PFR,203
2022-08-25,JSN,1
2022-08-25,MOD,99
2022-08-25,NVX,5
2022-08-25,PFR,209
2022-08-26,JSN,3
2022-08-26,MOD,150
2022-08-26,PFR,265
2022-08-27,MOD,21
2022-08-27,NVX,2
2022-08-27,PFR,51
2022-08-28,MOD,7
2022-08-28,PFR,17
2022-08-29,JSN,4
2022-08-29,MOD,92
2022-08-29,PFR,172
2022-08-30,MOD,120
2022-08-30,NVX,3
2022-08-30,PFR,177
2022-08-31,JSN,3
2022-08-31,MOD,76
2022-08-31,NVX,3
2022-08-31,PFR,162
2022-09-01,MOD,54
2022-09-01,NVX,4
2022-09-01,PFR,184
2022-09-02,JSN,3
2022-09-02,MOD,67
2022-09-02,PFR,114
2022-09-03,JSN,4
2022-09-03,MOD,10
2022-09-03,NVX,2
2022-09-03,PFR,10
2022-09-04,JSN,1
2022-09-04,MOD,3
2022-09-04,NVX,1
2022-09-04,PFR,4
2022-09-05,PFR,9
2022-09-06,JSN,1
2022-09-06,MOD,81
2022-09-06,NVX,4
2022-09-06,PFR,98
2022-09-07,JSN,2
2022-09-07,MOD,167
2022-09-07,NVX,9
2022-09-07,PFR,332
2022-09-08,JSN,3
2022-09-08,MOD,287
2022-09-08,NVX,1
2022-09-08,PFR,494
2022-09-09,JSN,1
2022-09-09,MOD,370
2022-09-09,NVX,1
2022-09-09,PFR,609
2022-09-10,MOD,158
2022-09-10,PFR,293
2022-09-11,MOD,72
2022-09-11,PFR,183
2022-09-12,JSN,1
2022-09-12,MOD,356
2022-09-12,NVX,2
2022-09-12,PFR,581
2022-09-13,JSN,1
2022-09-13,MOD,360
2022-09-13,NVX,4
2022-09-13,PFR,712
2022-09-14,MOD,450
2022-09-14,NVX,3
2022-09-14,PFR,834
2022-09-15,JSN,4
2022-09-15,MOD,438
2022-09-15,NVX,7
2022-09-15,PFR,975
2022-09-16,JSN,1
2022-09-16,MOD,506
2022-09-16,NVX,1
2022-09-16,PFR,1354
2022-09-17,MOD,171
2022-09-17,NVX,3
2022-09-17,PFR,495
2022-09-18,MOD,30
2022-09-18,PFR,250
2022-09-19,MOD,306
2022-09-19,NVX,12
2022-09-19,PFR,1074
2022-09-20,JSN,5
2022-09-20,MOD,293
2022-09-20,PFR,972
2022-09-21,JSN,2
2022-09-21,MOD,297
2022-09-21,PFR,1148
2022-09-22,JSN,1
2022-09-22,MOD,343
2022-09-22,NVX,3
2022-09-22,PFR,1188
2022-09-23,MOD,586
2022-09-23,NVX,3
2022-09-23,PFR,1549
2022-09-24,JSN,6
2022-09-24,MOD,134
2022-09-24,PFR,428
2022-09-25,MOD,48
2022-09-25,PFR,209
2022-09-26,JSN,1
2022-09-26,MOD,353
2022-09-26,NVX,6
2022-09-26,PFR,895
2022-09-27,JSN,1
2022-09-27,MOD,410
2022-09-27,NVX,4
2022-09-27,PFR,1001
2022-09-28,MOD,394
2022-09-28,NVX,5
2022-09-28,PFR,1091
2022-09-29,JSN,1
2022-09-29,MOD,532
2022-09-29,PFR,1071
2022-09-30,MOD,601
2022-09-30,NVX,3
2022-09-30,PFR,1371
2022-10-01,MOD,155
2022-10-01,NVX,4
2022-10-01,PFR,739
2022-10-02,MOD,83
2022-10-02,PFR,151
2022-10-03,MOD,463
2022-10-03,NVX,3
2022-10-03,PFR,807
2022-10-04,JSN,1
2022-10-04,MOD,525
2022-10-04,NVX,2
2022-10-04,PFR,872
2022-10-05,JSN,1
2022-10-05,MOD,606
2022-10-05,NVX,3
2022-10-05,PFR,998
2022-10-06,MOD,732
2022-10-06,NVX,3
2022-10-06,PFR,951
2022-10-07,MOD,735
2022-10-07,NVX,6
2022-10-07,PFR,1263
2022-10-08,MOD,246
2022-10-08,PFR,580
2022-10-09,MOD,82
2022-10-09,PFR,165
2022-10-10,JSN,1
2022-10-10,MOD,482
2022-10-10,PFR,651
2022-10-11,MOD,649
2022-10-11,NVX,1
2022-10-11,PFR,812
2022-10-12,MOD,597
2022-10-12,PFR,868
2022-10-13,MOD,784
2022-10-13,NVX,1
2022-10-13,PFR,930
2022-10-14,JSN,1
2022-10-14,MOD,737
2022-10-14,NVX,1
2022-10-14,PFR,1410
2022-10-15,MOD,266
2022-10-15,PFR,370
2022-10-16,MOD,81
2022-10-16,NVX,2
2022-10-16,PFR,205
2022-10-17,MOD,502
2022-10-17,NVX,2
2022-10-17,PFR,824
2022-10-18,MOD,615
2022-10-18,NVX,2
2022-10-18,PFR,755
2022-10-19,MOD,610
2022-10-19,PFR,931
2022-10-20,MOD,686
2022-10-20,NVX,3
2022-10-20,PFR,971
2022-10-21,MOD,721
2022-10-21,NVX,2
2022-10-21,PFR,1042
2022-10-22,MOD,286
2022-10-22,NVX,2
2022-10-22,PFR,316
2022-10-23,MOD,86
2022-10-23,NVX,2
2022-10-23,PFR,150
2022-10-24,MOD,499
2022-10-24,PFR,698
2022-10-25,JSN,1
2022-10-25,MOD,674
2022-10-25,NVX,4
2022-10-25,PFR,674
2022-10-26,JSN,3
2022-10-26,MOD,521
2022-10-26,NVX,2
2022-10-26,PFR,818
2022-10-27,MOD,681
2022-10-27,NVX,3
2022-10-27,PFR,832
2022-10-28,MOD,662
2022-10-28,NVX,6
2022-10-28,PFR,1028
2022-10-29,MOD,179
2022-10-29,NVX,1
2022-10-29,PFR,365
2022-10-30,MOD,85
2022-10-30,PFR,162
2022-10-31,MOD,415
2022-10-31,NVX,1
2022-10-31,PFR,604
2022-11-01,MOD,466
2022-11-01,NVX,1
2022-11-01,PFR,656
2022-11-02,MOD,393
2022-11-02,NVX,5
2022-11-02,PFR,522
2022-11-03,JSN,2
2022-11-03,MOD,476
2022-11-03,NVX,1
2022-11-03,PFR,702
2022-11-04,JSN,1
2022-11-04,MOD,434
2022-11-04,PFR,848
2022-11-05,JSN,1
2022-11-05,MOD,139
2022-11-05,PFR,262
2022-11-06,MOD,102
2022-11-06,PFR,118
2022-11-07,MOD,363
2022-11-07,NVX,1
2022-11-07,PFR,528
2022-11-08,MOD,376
2022-11-08,NVX,2
2022-11-08,PFR,506
2022-11-09,MOD,269
2022-11-09,PFR,469
2022-11-10,JSN,2
2022-11-10,MOD,608
2022-11-10,NVX,6
2022-11-10,PFR,594
2022-11-11,MOD,284
2022-11-11,NVX,1
2022-11-11,PFR,621
2022-11-12,JSN,1
2022-11-12,MOD,93
2022-11-12,PFR,202
2022-11-13,MOD,56
2022-11-13,PFR,118
2022-11-14,MOD,244
2022-11-14,NVX,4
2022-11-14,PFR,525
2022-11-15,MOD,323
2022-11-15,NVX,2
2022-11-15,PFR,396
2022-11-16,MOD,305
2022-11-16,NVX,1
2022-11-16,PFR,446
2022-11-17,MOD,352
2022-11-17,NVX,1
2022-11-17,PFR,503
2022-11-18,MOD,335
2022-11-18,PFR,688
2022-11-19,MOD,131
2022-11-19,PFR,216
2022-11-20,MOD,70
2022-11-20,PFR,81
2022-11-21,MOD,242
2022-11-21,NVX,2
2022-11-21,PFR,424
2022-11-22,JSN,1
2022-11-22,MOD,249
2022-11-22,NVX,2
2022-11-22,PFR,429
2022-11-23,MOD,180
2022-11-23,NVX,1
2022-11-23,PFR,440
2022-11-24,MOD,4
2022-11-24,PFR,3
2022-11-25,MOD,200
2022-11-25,PFR,276
2022-11-26,MOD,87
2022-11-26,PFR,135
2022-11-27,MOD,59
2022-11-27,PFR,128
2022-11-28,JSN,1
2022-11-28,MOD,263
2022-11-28,NVX,1
2022-11-28,PFR,401
2022-11-29,MOD,238
2022-11-29,PFR,454
2022-11-30,JSN,2
2022-11-30,MOD,253
2022-11-30,PFR,411
2022-12-01,JSN,1
2022-12-01,MOD,318
2022-12-01,NVX,2
2022-12-01,PFR,354
2022-12-02,MOD,280
2022-12-02,PFR,486
2022-12-03,MOD,120
2022-12-03,PFR,154
2022-12-04,MOD,55
2022-12-04,PFR,72
2022-12-05,MOD,180
2022-12-05,PFR,345
2022-12-06,MOD,229
2022-12-06,NVX,2
2022-12-06,PFR,301
2022-12-07,JSN,1
2022-12-07,MOD,156
2022-12-07,PFR,246
2022-12-08,MOD,236
2022-12-08,PFR,367
2022-12-09,JSN,1
2022-12-09,MOD,274
2022-12-09,NVX,1
2022-12-09,PFR,466
2022-12-10,JSN,1
2022-12-10,MOD,83
2022-12-10,PFR,165
2022-12-11,MOD,56
2022-12-11,PFR,63
2022-12-12,MOD,108
2022-12-12,PFR,194
2022-12-13,MOD,162
2022-12-13,NVX,2
2022-12-13,PFR,323
2022-12-14,MOD,173
2022-12-14,NVX,2
2022-12-14,PFR,317
2022-12-15,MOD,177
2022-12-15,NVX,1
2022-12-15,PFR,209
2022-12-16,JSN,1
2022-12-16,MOD,295
2022-12-16,NVX,2
2022-12-16,PFR,410
2022-12-17,MOD,79
2022-12-17,PFR,148
2022-12-18,MOD,30
2022-12-18,PFR,67
2022-12-19,MOD,201
2022-12-19,PFR,279
2022-12-20,JSN,1
2022-12-20,MOD,187
2022-12-20,PFR,299
2022-12-21,MOD,108
2022-12-21,NVX,3
2022-12-21,PFR,255
2022-12-22,MOD,179
2022-12-22,PFR,272
2022-12-23,MOD,100
2022-12-23,PFR,171
2022-12-24,MOD,15
2022-12-24,PFR,27
2022-12-25,PFR,1
2022-12-26,MOD,53
2022-12-26,PFR,96
2022-12-27,MOD,147
2022-12-27,NVX,1
2022-12-27,PFR,249
2022-12-28,MOD,141
2022-12-28,NVX,1
2022-12-28,PFR,269
2022-12-29,MOD,161
2022-12-29,PFR,269
2022-12-30,MOD,186
2022-12-30,PFR,269
2022-12-31,MOD,52
2022-12-31,PFR,59
2023-01-01,MOD,4
2023-01-01,PFR,15
2023-01-02,MOD,74
2023-01-02,PFR,100
2023-01-03,JSN,1
2023-01-03,MOD,132
2023-01-03,NVX,1
2023-01-03,PFR,272
2023-01-04,MOD,127
2023-01-04,PFR,252
2023-01-05,MOD,194
2023-01-05,NVX,1
2023-01-05,PFR,266
2023-01-06,MOD,190
2023-01-06,PFR,369
2023-01-07,MOD,43
2023-01-07,PFR,97
2023-01-08,MOD,22
2023-01-08,PFR,64
2023-01-09,MOD,108
2023-01-09,NVX,2
2023-01-09,PFR,252
2023-01-10,MOD,132
2023-01-10,PFR,262
2023-01-11,MOD,129
2023-01-11,NVX,1
2023-01-11,PFR,203
2023-01-12,MOD,154
2023-01-12,PFR,229
2023-01-13,JSN,1
2023-01-13,MOD,191
2023-01-13,NVX,3
2023-01-13,PFR,286
2023-01-14,MOD,69
2023-01-14,PFR,97
2023-01-15,MOD,13
2023-01-15,PFR,30
2023-01-16,MOD,81
2023-01-16,NVX,2
2023-01-16,PFR,121
2023-01-17,MOD,88
2023-01-17,PFR,138
2023-01-18,MOD,95
2023-01-18,NVX,2
2023-01-18,PFR,143
2023-01-19,JSN,1
2023-01-19,MOD,134
2023-01-19,NVX,1
2023-01-19,PFR,153
2023-01-20,MOD,171
2023-01-20,NVX,1
2023-01-20,PFR,223
2023-01-21,MOD,39
2023-01-21,PFR,109
2023-01-22,MOD,20
2023-01-22,PFR,17
2023-01-23,MOD,79
2023-01-23,PFR,137
2023-01-24,MOD,84
2023-01-24,PFR,144
2023-01-25,MOD,73
2023-01-25,PFR,123
2023-01-26,MOD,91
2023-01-26,PFR,136
2023-01-27,MOD,89
2023-01-27,PFR,138
2023-01-28,MOD,45
2023-01-28,PFR,46
2023-01-29,MOD,14
2023-01-29,PFR,13
2023-01-30,MOD,46
2023-01-30,PFR,96
